,id,nome,telefone
0,1,Patrick Poppel,988806411
1,2,Brandon Ecton,999058072
2,3,Edward Percy,999898453
3,4,Seth Cole,999991139
4,5,William Ricketts,988094512
5,6,Richard Chan,988091082
6,7,Andrew Stephenson,999150355
7,8,Beverly Rhine,988222768
8,9,Jeanine Tate,999336578
9,10,Thomas Shepherd,988091781
10,11,Angela Hansing,988664201
11,12,Lynn Smith,999578062
12,13,William Mcgarvey,988503285
13,14,Cheryl Ricketts,988764151
14,15,Hilario Henrie,999266134
15,16,Maria Golden,988140982
16,17,Sharron Williams,988622347
17,18,Kara Chan,999981117
18,19,Ramona Cantu,988391594
19,20,Paul Steele,999935491
20,21,Crystal Goodermote,999453693
21,22,Vicki Baker,999762794
22,23,Catherine Pigman,999822025
23,24,Michael Bartlett,999607367
24,25,Daniel Mcenany,999961873
25,26,Melissa Davis,999932627
26,27,Jamie Faust,988063401
27,28,Amanda Posner,999401868
28,29,Iris Reynolds,988009242
29,30,Ashley Guzman,999829728
30,31,Daniel Baker,988617508
31,32,Dawn Miller,999832784
32,33,Richard Sheldon,988127817
33,34,Jerome Broussard,988823223
34,35,Amanda Feliciano,999824150
35,36,James Manchini,988297878
36,37,Shay Vanfleet,988127462
37,38,David Simmons,988151552
38,39,Virginia Mosby,988159021
39,40,Enrique Luke,988563480
40,41,James Orton,999666954
41,42,Lawrence Satterlee,988387934
42,43,Ivan Dorsey,999062221
43,44,Donna Sommerfield,999655968
44,45,Lawrence Hernandez,988797013
45,46,Roberto Hernandez,988648970
46,47,Thomas Becker,988193098
47,48,Jami Donley,988305355
48,49,Daniele Little,988456723
49,50,Tyrone Rodriguez,999792452
50,51,Scott Bronk,999006120
51,52,Richard Small,999953615
52,53,Andrew Ingle,988886197
53,54,Lois Murphy,988913940
54,55,Clara Bonner,988669686
55,56,Ashly Garrett,988468820
56,57,Michelle Carroll,999157015
57,58,Helen Emery,988747060
58,59,Pamela Baron,999607788
59,60,Charles Blacklock,988472007
60,61,Sandra Sundahl,988895672
61,62,Jami Butler,988093782
62,63,Ann Cornish,999136903
63,64,Mary Jones,999324853
64,65,Doris Finley,988593370
65,66,Ophelia Willet,999022112
66,67,Audrey Bell,999088714
67,68,Freddie Martin,988399027
68,69,Rene Garver,999033394
69,70,Conrad Lindberg,988072135
70,71,Michael Ekmark,988501261
71,72,Christine Strackbein,988664724
72,73,Jeremiah Payton,988494015
73,74,Elizabeth Ager,999124429
74,75,Troy Oliver,988507561
75,76,Anthony Trent,988913921
76,77,Edward Williams,988440058
77,78,Pamela Hand,988259362
78,79,Michael Scott,988136296
79,80,James Kopecky,988233223
80,81,Norma Dayton,999331360
81,82,Charleen Eland,988888360
82,83,Loretta Abbott,988824576
83,84,Kristi Courter,999522486
84,85,Franklin Wilson,988797563
85,86,Dora Short,988006396
86,87,Olivia Cansler,999278904
87,88,Lucia Riveron,999467714
88,89,Roger Valen,999345327
89,90,Mark Harris,999866337
90,91,Chuck Cruse,988657064
91,92,William Kradel,988039672
92,93,Anthony Siegfried,999591878
93,94,Dana Dauer,988690697
94,95,James Maldonado,988014765
95,96,Joseph Reavis,988137925
96,97,Geneva Harter,988762511
97,98,Lynette Childers,988011859
98,99,Donald Hiatt,988349696
99,100,Kelly Luthy,999929072
100,101,Roger Miyamoto,999001671
101,102,Patricia Helms,999782445
102,103,Bill Lockhart,999282219
103,104,William Robbins,988370542
104,105,John Wischmeyer,999257658
105,106,William Vanalstyne,999267226
106,107,Julia Douglas,988876392
107,108,Caroline Armstrong,988714623
108,109,Robert Brown,988850253
109,110,Gabriel Layman,999667238
110,111,Laura Mckinney,988914637
111,112,Shalonda Dickey,988285091
112,113,Stephanie Mckenna,999341038
113,114,Jonathan Ward,988343534
114,115,Dale Weller,988096269
115,116,Tracy Jung,988564133
116,117,Mike Beard,999736276
117,118,Suzanne Leonard,988454383
118,119,Albert Corf,988513412
119,120,Mark Ford,988056269
120,121,George English,999834209
121,122,Andre Miller,999443453
122,123,Lamont Smith,988169345
123,124,Myra Varner,999004292
124,125,Darryl Burling,988094439
125,126,Glenn Akers,988514926
126,127,Clara Rubin,999140478
127,128,Ruth Burkholder,999847432
128,129,Benjamin Owens,988826094
129,130,Jamie Heady,999593813
130,131,Thomas Harper,999748959
131,132,Aretha Nicholson,999626756
132,133,John Mcneely,988143331
133,134,Judith Ruiz,999027782
134,135,Christopher Robley,999641555
135,136,Jose Payne,999527662
136,137,Martin Johnston,988811869
137,138,John Taylor,988946807
138,139,Melvin Lowry,988410732
139,140,Kathy Robinson,988799695
140,141,Vincent Vaughan,988729655
141,142,James Kniffen,988177199
142,143,Robert Gibbs,988115307
143,144,Opal Cairns,999132211
144,145,Douglas Funderburk,999458907
145,146,Carol Hoskins,999960513
146,147,William Case,988438069
147,148,David Emrich,988049291
148,149,Maria Mendoza,988201567
149,150,Matthew Huang,999469609
150,151,Josefina Bingham,999441356
151,152,Lori Kimble,999258089
152,153,David Mullins,999782509
153,154,Robert Seiersen,999927408
154,155,Charles Antilla,999750472
155,156,Evelyn Laster,988607311
156,157,Beverly Esposito,988916278
157,158,Kenneth Hall,988615781
158,159,Joshua Marshall,999429791
159,160,Maxwell Lindsey,999969682
160,161,Clarence Moffitt,988550671
161,162,Lisa Bittner,988924546
162,163,Jerry Helwig,988184143
163,164,Frank Brewer,988112245
164,165,Charles Luttrell,988216277
165,166,James Casson,988593072
166,167,Miles Gioia,999075216
167,168,Theresa Lafleur,999871544
168,169,Robert Leiva,988444447
169,170,Kim Sanchez,988615269
170,171,Terrence Mcdowell,999157088
171,172,Kathryn Jones,999768161
172,173,Yvonne Becker,988076594
173,174,Samuel Hou,988983906
174,175,Ann Murphy,988348105
175,176,Helen Roseberry,988123689
176,177,Mary Courtwright,999642919
177,178,Tyler Hudson,999525867
178,179,Grace Rose,999218895
179,180,Brian Jenkins,999447190
180,181,Florence Hutton,999524830
181,182,Margaret Moore,999828933
182,183,Patricia Bartolomeo,988292870
183,184,Caroline Kirschner,988727022
184,185,Doris Credit,999309336
185,186,Elizabeth Barreto,988520302
186,187,Paul Cook,999518041
187,188,Christopher Bourgeois,999286351
188,189,Thomas Shackelford,988518492
189,190,Lydia Hensler,999874234
190,191,Jean Hamilton,988895374
191,192,Violet Webster,999414060
192,193,Joseph Mcdowell,999337987
193,194,Helen Bonilla,999372737
194,195,Marie Greiner,988073124
195,196,Mary Winski,999575118
196,197,Ramon Brimmer,999066317
197,198,Frank Wallace,999402851
198,199,Renee Steele,999706322
199,200,Theresa Schmidt,988004653
